timestamp,steps,data source
2026-03-25T20:10:00Z,21,Charge 6
2026-03-26T00:21:00Z,8,Charge 6
2026-03-26T01:22:00Z,8,Charge 6
2026-03-26T02:19:00Z,19,Charge 6
2026-03-26T02:23:00Z,14,Charge 6
2026-03-26T02:24:00Z,3,Charge 6
2026-03-26T02:55:00Z,5,Charge 6
2026-03-26T05:58:00Z,34,Charge 6
2026-03-26T05:59:00Z,11,Charge 6
2026-03-26T06:14:00Z,19,Charge 6
2026-03-26T06:15:00Z,8,Charge 6
2026-03-26T06:16:00Z,19,Charge 6
2026-03-26T06:17:00Z,22,Charge 6
2026-03-26T06:18:00Z,88,Charge 6
2026-03-26T06:19:00Z,100,Charge 6
2026-03-26T06:20:00Z,100,Charge 6
2026-03-26T06:21:00Z,106,Charge 6
2026-03-26T06:22:00Z,110,Charge 6
2026-03-26T06:23:00Z,97,Charge 6
2026-03-26T06:24:00Z,106,Charge 6
2026-03-26T06:25:00Z,110,Charge 6
2026-03-26T06:26:00Z,111,Charge 6
2026-03-26T06:27:00Z,110,Charge 6
2026-03-26T06:28:00Z,111,Charge 6
2026-03-26T06:29:00Z,105,Charge 6
2026-03-26T06:30:00Z,102,Charge 6
2026-03-26T06:31:00Z,95,Charge 6
2026-03-26T06:32:00Z,108,Charge 6
2026-03-26T06:33:00Z,109,Charge 6
2026-03-26T06:34:00Z,100,Charge 6
2026-03-26T06:35:00Z,103,Charge 6
2026-03-26T06:36:00Z,94,Charge 6
2026-03-26T06:37:00Z,102,Charge 6
2026-03-26T06:38:00Z,96,Charge 6
2026-03-26T06:39:00Z,110,Charge 6
2026-03-26T06:40:00Z,92,Charge 6
2026-03-26T06:41:00Z,96,Charge 6
2026-03-26T06:42:00Z,100,Charge 6
2026-03-26T06:43:00Z,99,Charge 6
2026-03-26T06:44:00Z,108,Charge 6
2026-03-26T06:45:00Z,97,Charge 6
2026-03-26T06:46:00Z,34,Charge 6
2026-03-26T06:47:00Z,15,Charge 6
2026-03-26T06:48:00Z,28,Charge 6
2026-03-26T06:50:00Z,8,Charge 6
2026-03-26T07:01:00Z,9,Charge 6
2026-03-26T07:03:00Z,4,Charge 6
2026-03-26T07:07:00Z,7,Charge 6
2026-03-26T07:10:00Z,22,Charge 6
2026-03-26T07:17:00Z,23,Charge 6
2026-03-26T07:18:00Z,6,Charge 6
2026-03-26T07:19:00Z,9,Charge 6
2026-03-26T07:20:00Z,8,Charge 6
2026-03-26T07:22:00Z,18,Charge 6
2026-03-26T07:23:00Z,21,Charge 6
2026-03-26T07:24:00Z,15,Charge 6
2026-03-26T07:25:00Z,22,Charge 6
2026-03-26T07:29:00Z,7,Charge 6
2026-03-26T07:30:00Z,27,Charge 6
2026-03-26T07:40:00Z,4,Charge 6
2026-03-26T07:41:00Z,47,Charge 6
2026-03-26T07:42:00Z,65,Charge 6
2026-03-26T07:43:00Z,29,Charge 6
2026-03-26T07:44:00Z,28,Charge 6
2026-03-26T07:45:00Z,8,Charge 6
2026-03-26T07:46:00Z,18,Charge 6
2026-03-26T07:47:00Z,7,Charge 6
2026-03-26T07:48:00Z,7,Charge 6
2026-03-26T07:49:00Z,17,Charge 6
2026-03-26T07:50:00Z,37,Charge 6
2026-03-26T07:53:00Z,19,Charge 6
2026-03-26T07:54:00Z,28,Charge 6
2026-03-26T07:56:00Z,34,Charge 6
2026-03-26T08:03:00Z,16,Charge 6
2026-03-26T08:04:00Z,19,Charge 6
2026-03-26T08:28:00Z,16,Charge 6
2026-03-26T08:29:00Z,20,Charge 6
2026-03-26T08:32:00Z,15,Charge 6
2026-03-26T08:43:00Z,6,Charge 6
2026-03-26T08:44:00Z,6,Charge 6
2026-03-26T08:53:00Z,24,Charge 6
2026-03-26T08:54:00Z,4,Charge 6
2026-03-26T08:55:00Z,12,Charge 6
2026-03-26T08:57:00Z,4,Charge 6
2026-03-26T08:58:00Z,10,Charge 6
2026-03-26T09:00:00Z,29,Charge 6
2026-03-26T09:01:00Z,7,Charge 6
2026-03-26T09:03:00Z,7,Charge 6
2026-03-26T09:09:00Z,4,Charge 6
2026-03-26T09:11:00Z,49,Charge 6
2026-03-26T09:13:00Z,42,Charge 6
2026-03-26T09:19:00Z,31,Charge 6
2026-03-26T09:20:00Z,72,Charge 6
2026-03-26T09:21:00Z,10,Charge 6
2026-03-26T09:23:00Z,39,Charge 6
2026-03-26T09:24:00Z,66,Charge 6
2026-03-26T09:25:00Z,14,Charge 6
2026-03-26T09:26:00Z,7,Charge 6
2026-03-26T09:30:00Z,44,Charge 6
2026-03-26T09:31:00Z,8,Charge 6
2026-03-26T09:32:00Z,12,Charge 6
2026-03-26T09:37:00Z,6,Charge 6
2026-03-26T09:43:00Z,10,Charge 6
2026-03-26T09:59:00Z,10,Charge 6
2026-03-26T10:00:00Z,18,Charge 6
2026-03-26T10:01:00Z,4,Charge 6
2026-03-26T10:03:00Z,24,Charge 6
2026-03-26T10:18:00Z,10,Charge 6
2026-03-26T10:19:00Z,15,Charge 6
2026-03-26T10:21:00Z,11,Charge 6
2026-03-26T10:22:00Z,43,Charge 6
2026-03-26T10:23:00Z,11,Charge 6
2026-03-26T10:25:00Z,56,Charge 6
2026-03-26T10:26:00Z,92,Charge 6
2026-03-26T10:27:00Z,2,Charge 6
2026-03-26T10:46:00Z,11,Charge 6
2026-03-26T10:47:00Z,14,Charge 6
2026-03-26T10:48:00Z,15,Charge 6
2026-03-26T11:03:00Z,72,Charge 6
2026-03-26T11:04:00Z,81,Charge 6
2026-03-26T11:05:00Z,53,Charge 6
2026-03-26T11:06:00Z,28,Charge 6
2026-03-26T11:07:00Z,15,Charge 6
2026-03-26T11:12:00Z,8,Charge 6
2026-03-26T11:17:00Z,10,Charge 6
2026-03-26T11:18:00Z,30,Charge 6
2026-03-26T11:23:00Z,9,Charge 6
2026-03-26T11:48:00Z,25,Charge 6
2026-03-26T11:49:00Z,27,Charge 6
2026-03-26T11:54:00Z,18,Charge 6
2026-03-26T12:02:00Z,25,Charge 6
2026-03-26T12:03:00Z,37,Charge 6
2026-03-26T12:04:00Z,25,Charge 6
2026-03-26T12:05:00Z,8,Charge 6
2026-03-26T12:17:00Z,17,Charge 6
2026-03-26T12:23:00Z,13,Charge 6
2026-03-26T12:24:00Z,4,Charge 6
2026-03-26T12:25:00Z,19,Charge 6
2026-03-26T12:28:00Z,10,Charge 6
2026-03-26T12:30:00Z,4,Charge 6
2026-03-26T12:32:00Z,17,Charge 6
2026-03-26T12:35:00Z,24,Charge 6
2026-03-26T12:36:00Z,16,Charge 6
2026-03-26T12:37:00Z,10,Charge 6
2026-03-26T12:38:00Z,20,Charge 6
2026-03-26T12:39:00Z,3,Charge 6
2026-03-26T12:40:00Z,14,Charge 6
2026-03-26T13:03:00Z,4,Charge 6
2026-03-26T13:04:00Z,26,Charge 6
2026-03-26T13:16:00Z,7,Charge 6
2026-03-26T13:18:00Z,7,Charge 6
2026-03-26T13:19:00Z,9,Charge 6
2026-03-26T13:28:00Z,7,Charge 6
2026-03-26T13:33:00Z,9,Charge 6
2026-03-26T14:06:00Z,34,Charge 6
2026-03-26T14:07:00Z,14,Charge 6
2026-03-26T14:16:00Z,9,Charge 6
2026-03-26T14:35:00Z,12,Charge 6
2026-03-26T14:36:00Z,13,Charge 6
2026-03-26T15:05:00Z,7,Charge 6
2026-03-26T15:09:00Z,28,Charge 6
2026-03-26T15:12:00Z,13,Charge 6
2026-03-26T15:14:00Z,12,Charge 6
2026-03-26T15:16:00Z,9,Charge 6
2026-03-26T15:18:00Z,12,Charge 6
2026-03-26T15:20:00Z,17,Charge 6
2026-03-26T15:21:00Z,36,Charge 6
2026-03-26T15:22:00Z,21,Charge 6
2026-03-26T15:24:00Z,11,Charge 6
2026-03-26T15:29:00Z,12,Charge 6
2026-03-26T15:30:00Z,9,Charge 6
2026-03-26T15:33:00Z,12,Charge 6
2026-03-26T15:34:00Z,30,Charge 6
2026-03-26T15:36:00Z,24,Charge 6
2026-03-26T15:38:00Z,20,Charge 6
2026-03-26T15:39:00Z,8,Charge 6
2026-03-26T15:40:00Z,23,Charge 6
2026-03-26T15:41:00Z,7,Charge 6
2026-03-26T15:42:00Z,10,Charge 6
2026-03-26T15:44:00Z,9,Charge 6
2026-03-26T15:46:00Z,29,Charge 6
2026-03-26T15:47:00Z,29,Charge 6
2026-03-26T15:48:00Z,48,Charge 6
2026-03-26T15:49:00Z,3,Charge 6
2026-03-26T15:50:00Z,6,Charge 6
2026-03-26T15:51:00Z,2,Charge 6
2026-03-26T15:56:00Z,21,Charge 6
2026-03-26T15:57:00Z,20,Charge 6
2026-03-26T15:58:00Z,23,Charge 6
2026-03-26T16:02:00Z,10,Charge 6
2026-03-26T16:03:00Z,99,Charge 6
2026-03-26T16:04:00Z,8,Charge 6
2026-03-26T16:06:00Z,11,Charge 6
2026-03-26T16:07:00Z,36,Charge 6
2026-03-26T16:08:00Z,19,Charge 6
2026-03-26T16:10:00Z,7,Charge 6
2026-03-26T16:12:00Z,11,Charge 6
2026-03-26T16:13:00Z,26,Charge 6
2026-03-26T16:14:00Z,28,Charge 6
2026-03-26T16:15:00Z,39,Charge 6
2026-03-26T16:16:00Z,17,Charge 6
2026-03-26T16:17:00Z,24,Charge 6
2026-03-26T16:20:00Z,9,Charge 6
2026-03-26T16:21:00Z,29,Charge 6
2026-03-26T16:22:00Z,29,Charge 6
2026-03-26T16:23:00Z,11,Charge 6
2026-03-26T16:26:00Z,8,Charge 6
2026-03-26T16:29:00Z,15,Charge 6
2026-03-26T16:30:00Z,33,Charge 6
2026-03-26T16:31:00Z,25,Charge 6
2026-03-26T16:32:00Z,86,Charge 6
2026-03-26T16:33:00Z,51,Charge 6
2026-03-26T16:34:00Z,45,Charge 6
2026-03-26T16:36:00Z,7,Charge 6
2026-03-26T16:38:00Z,50,Charge 6
2026-03-26T16:39:00Z,54,Charge 6
2026-03-26T16:40:00Z,16,Charge 6
2026-03-26T16:41:00Z,40,Charge 6
2026-03-26T16:44:00Z,15,Charge 6
2026-03-26T16:45:00Z,12,Charge 6
2026-03-26T16:53:00Z,5,Charge 6
2026-03-26T17:01:00Z,17,Charge 6
2026-03-26T17:03:00Z,13,Charge 6
2026-03-26T17:04:00Z,15,Charge 6
2026-03-26T17:08:00Z,64,Charge 6
2026-03-26T17:09:00Z,20,Charge 6
2026-03-26T17:18:00Z,8,Charge 6
2026-03-26T17:19:00Z,22,Charge 6
2026-03-26T17:20:00Z,18,Charge 6
2026-03-26T17:21:00Z,28,Charge 6
2026-03-26T17:22:00Z,8,Charge 6
2026-03-26T17:23:00Z,26,Charge 6
2026-03-26T17:25:00Z,32,Charge 6
2026-03-26T17:26:00Z,26,Charge 6
2026-03-26T17:30:00Z,10,Charge 6
2026-03-26T17:31:00Z,37,Charge 6
2026-03-26T17:32:00Z,29,Charge 6
2026-03-26T17:33:00Z,3,Charge 6
2026-03-26T17:35:00Z,9,Charge 6
2026-03-26T17:36:00Z,8,Charge 6
2026-03-26T17:37:00Z,9,Charge 6
2026-03-26T17:38:00Z,45,Charge 6
2026-03-26T17:39:00Z,112,Charge 6
2026-03-26T17:40:00Z,104,Charge 6
2026-03-26T17:41:00Z,31,Charge 6
2026-03-26T17:55:00Z,4,Charge 6
2026-03-26T18:35:00Z,51,Charge 6
2026-03-26T18:36:00Z,110,Charge 6
2026-03-26T18:37:00Z,111,Charge 6
2026-03-26T18:38:00Z,70,Charge 6
2026-03-26T18:39:00Z,20,Charge 6
2026-03-26T18:49:00Z,12,Charge 6
2026-03-26T18:54:00Z,14,Charge 6
2026-03-26T18:55:00Z,23,Charge 6
2026-03-26T18:56:00Z,38,Charge 6
2026-03-26T19:19:00Z,9,Charge 6
2026-03-26T19:23:00Z,7,Charge 6
2026-03-26T19:27:00Z,28,Charge 6
2026-03-26T19:36:00Z,20,Charge 6
2026-03-26T19:39:00Z,9,Charge 6
2026-03-26T19:40:00Z,14,Charge 6
2026-03-26T19:42:00Z,9,Charge 6
2026-03-26T22:22:00Z,8,Charge 6
2026-03-27T01:32:00Z,6,Charge 6
2026-03-27T04:58:00Z,8,Charge 6
2026-03-27T05:04:00Z,9,Charge 6
2026-03-27T05:05:00Z,39,Charge 6
2026-03-27T05:06:00Z,36,Charge 6
2026-03-27T05:07:00Z,16,Charge 6
2026-03-27T05:28:00Z,8,Charge 6
2026-03-27T05:29:00Z,7,Charge 6
2026-03-27T05:30:00Z,15,Charge 6
2026-03-27T05:32:00Z,57,Charge 6
2026-03-27T05:33:00Z,104,Charge 6
2026-03-27T05:34:00Z,106,Charge 6
2026-03-27T05:35:00Z,113,Charge 6
2026-03-27T05:36:00Z,111,Charge 6
2026-03-27T05:37:00Z,110,Charge 6
2026-03-27T05:38:00Z,111,Charge 6
2026-03-27T05:39:00Z,108,Charge 6
2026-03-27T05:40:00Z,108,Charge 6
2026-03-27T05:41:00Z,106,Charge 6
2026-03-27T05:42:00Z,98,Charge 6
2026-03-27T05:43:00Z,100,Charge 6
2026-03-27T05:44:00Z,104,Charge 6
2026-03-27T05:45:00Z,80,Charge 6
2026-03-27T05:46:00Z,115,Charge 6
2026-03-27T05:47:00Z,107,Charge 6
2026-03-27T05:48:00Z,109,Charge 6
2026-03-27T05:49:00Z,105,Charge 6
2026-03-27T05:50:00Z,110,Charge 6
2026-03-27T05:51:00Z,106,Charge 6
2026-03-27T05:52:00Z,101,Charge 6
2026-03-27T05:53:00Z,112,Charge 6
2026-03-27T05:54:00Z,105,Charge 6
2026-03-27T05:55:00Z,102,Charge 6
2026-03-27T05:56:00Z,100,Charge 6
2026-03-27T05:57:00Z,111,Charge 6
2026-03-27T05:58:00Z,107,Charge 6
2026-03-27T05:59:00Z,105,Charge 6
2026-03-27T06:00:00Z,104,Charge 6
2026-03-27T06:01:00Z,104,Charge 6
2026-03-27T06:02:00Z,13,Charge 6
2026-03-27T06:05:00Z,10,Charge 6
2026-03-27T06:09:00Z,10,Charge 6
2026-03-27T06:13:00Z,23,Charge 6
2026-03-27T06:14:00Z,8,Charge 6
2026-03-27T06:16:00Z,15,Charge 6
2026-03-27T06:19:00Z,5,Charge 6
2026-03-27T06:33:00Z,6,Charge 6
2026-03-27T06:34:00Z,7,Charge 6
2026-03-27T06:35:00Z,7,Charge 6
2026-03-27T06:37:00Z,10,Charge 6
2026-03-27T06:39:00Z,13,Charge 6
2026-03-27T06:54:00Z,19,Charge 6
2026-03-27T06:55:00Z,21,Charge 6
2026-03-27T07:01:00Z,6,Charge 6
2026-03-27T07:02:00Z,26,Charge 6
2026-03-27T07:17:00Z,13,Charge 6
2026-03-27T07:18:00Z,4,Charge 6
2026-03-27T07:19:00Z,40,Charge 6
2026-03-27T07:20:00Z,22,Charge 6
2026-03-27T07:21:00Z,31,Charge 6
2026-03-27T08:02:00Z,8,Charge 6
2026-03-27T08:03:00Z,14,Charge 6
2026-03-27T08:05:00Z,7,Charge 6
2026-03-27T08:06:00Z,6,Charge 6
2026-03-27T08:07:00Z,22,Charge 6
2026-03-27T08:10:00Z,6,Charge 6
2026-03-27T08:13:00Z,10,Charge 6
2026-03-27T08:14:00Z,11,Charge 6
2026-03-27T08:17:00Z,13,Charge 6
2026-03-27T08:18:00Z,23,Charge 6
2026-03-27T08:19:00Z,7,Charge 6
2026-03-27T08:21:00Z,6,Charge 6
2026-03-27T08:22:00Z,6,Charge 6
2026-03-27T08:24:00Z,9,Charge 6
2026-03-27T09:00:00Z,19,Charge 6
2026-03-27T09:01:00Z,10,Charge 6
2026-03-27T09:02:00Z,26,Charge 6
2026-03-27T09:03:00Z,68,Charge 6
2026-03-27T09:04:00Z,49,Charge 6
2026-03-27T09:05:00Z,93,Charge 6
2026-03-27T09:06:00Z,78,Charge 6
2026-03-27T09:07:00Z,42,Charge 6
2026-03-27T09:08:00Z,24,Charge 6
2026-03-27T09:09:00Z,74,Charge 6
2026-03-27T09:10:00Z,56,Charge 6
2026-03-27T09:11:00Z,61,Charge 6
2026-03-27T09:12:00Z,119,Charge 6
2026-03-27T09:13:00Z,51,Charge 6
2026-03-27T09:14:00Z,51,Charge 6
2026-03-27T09:15:00Z,55,Charge 6
2026-03-27T09:16:00Z,25,Charge 6
2026-03-27T09:17:00Z,53,Charge 6
2026-03-27T09:18:00Z,124,Charge 6
2026-03-27T09:19:00Z,44,Charge 6
2026-03-27T09:20:00Z,78,Charge 6
2026-03-27T09:21:00Z,77,Charge 6
2026-03-27T09:22:00Z,20,Charge 6
2026-03-27T09:23:00Z,6,Charge 6
2026-03-27T09:36:00Z,25,Charge 6
2026-03-27T09:58:00Z,13,Charge 6
2026-03-27T10:14:00Z,8,Charge 6
2026-03-27T10:16:00Z,8,Charge 6
2026-03-27T10:17:00Z,10,Charge 6
2026-03-27T10:24:00Z,14,Charge 6
2026-03-27T10:25:00Z,10,Charge 6
2026-03-27T10:26:00Z,6,Charge 6
2026-03-27T10:33:00Z,4,Charge 6
2026-03-27T10:36:00Z,6,Charge 6
2026-03-27T10:37:00Z,28,Charge 6
2026-03-27T10:53:00Z,25,Charge 6
2026-03-27T10:54:00Z,6,Charge 6
2026-03-27T10:56:00Z,24,Charge 6
2026-03-27T11:03:00Z,7,Charge 6
2026-03-27T11:58:00Z,37,Charge 6
2026-03-27T11:59:00Z,71,Charge 6
2026-03-27T12:00:00Z,81,Charge 6
2026-03-27T12:01:00Z,77,Charge 6
2026-03-27T12:02:00Z,82,Charge 6
2026-03-27T12:03:00Z,93,Charge 6
2026-03-27T12:04:00Z,100,Charge 6
2026-03-27T12:05:00Z,57,Charge 6
2026-03-27T12:06:00Z,31,Charge 6
2026-03-27T12:07:00Z,105,Charge 6
2026-03-27T12:08:00Z,107,Charge 6
2026-03-27T12:09:00Z,105,Charge 6
2026-03-27T12:10:00Z,60,Charge 6
2026-03-27T12:16:00Z,6,Charge 6
2026-03-27T12:31:00Z,19,Charge 6
2026-03-27T12:32:00Z,8,Charge 6
2026-03-27T12:33:00Z,14,Charge 6
2026-03-27T12:34:00Z,13,Charge 6
2026-03-27T12:35:00Z,24,Charge 6
2026-03-27T12:36:00Z,38,Charge 6
2026-03-27T12:37:00Z,4,Charge 6
2026-03-27T12:38:00Z,5,Charge 6
2026-03-27T12:42:00Z,6,Charge 6
2026-03-27T12:46:00Z,7,Charge 6
2026-03-27T12:48:00Z,21,Charge 6
2026-03-27T12:49:00Z,51,Charge 6
2026-03-27T12:50:00Z,20,Charge 6
2026-03-27T12:51:00Z,26,Charge 6
2026-03-27T13:01:00Z,28,Charge 6
2026-03-27T13:02:00Z,9,Charge 6
2026-03-27T13:03:00Z,30,Charge 6
2026-03-27T13:04:00Z,16,Charge 6
2026-03-27T13:05:00Z,5,Charge 6
2026-03-27T13:07:00Z,40,Charge 6
2026-03-27T13:08:00Z,47,Charge 6
2026-03-27T13:20:00Z,7,Charge 6
2026-03-27T13:21:00Z,14,Charge 6
2026-03-27T13:22:00Z,16,Charge 6
2026-03-27T13:23:00Z,53,Charge 6
2026-03-27T13:24:00Z,28,Charge 6
2026-03-27T13:26:00Z,18,Charge 6
2026-03-27T13:27:00Z,11,Charge 6
2026-03-27T13:29:00Z,9,Charge 6
2026-03-27T13:30:00Z,16,Charge 6
2026-03-27T13:31:00Z,13,Charge 6
2026-03-27T13:32:00Z,4,Charge 6
2026-03-27T13:33:00Z,36,Charge 6
2026-03-27T13:34:00Z,87,Charge 6
2026-03-27T13:35:00Z,101,Charge 6
2026-03-27T13:36:00Z,105,Charge 6
2026-03-27T13:37:00Z,89,Charge 6
2026-03-27T13:38:00Z,84,Charge 6
2026-03-27T13:39:00Z,87,Charge 6
2026-03-27T13:40:00Z,84,Charge 6
2026-03-27T13:41:00Z,91,Charge 6
2026-03-27T13:42:00Z,90,Charge 6
2026-03-27T13:43:00Z,87,Charge 6
2026-03-27T13:44:00Z,65,Charge 6
2026-03-27T13:45:00Z,85,Charge 6
2026-03-27T13:46:00Z,99,Charge 6
2026-03-27T13:47:00Z,55,Charge 6
2026-03-27T13:48:00Z,25,Charge 6
2026-03-27T13:49:00Z,71,Charge 6
2026-03-27T13:50:00Z,51,Charge 6
2026-03-27T13:51:00Z,53,Charge 6
2026-03-27T13:52:00Z,66,Charge 6
2026-03-27T13:53:00Z,65,Charge 6
2026-03-27T13:54:00Z,50,Charge 6
2026-03-27T13:55:00Z,49,Charge 6
2026-03-27T13:56:00Z,31,Charge 6
2026-03-27T13:57:00Z,46,Charge 6
2026-03-27T13:58:00Z,28,Charge 6
2026-03-27T13:59:00Z,22,Charge 6
2026-03-27T14:00:00Z,22,Charge 6
2026-03-27T14:01:00Z,44,Charge 6
2026-03-27T14:02:00Z,8,Charge 6
2026-03-27T14:03:00Z,26,Charge 6
2026-03-27T14:04:00Z,54,Charge 6
2026-03-27T14:05:00Z,74,Charge 6
2026-03-27T14:06:00Z,33,Charge 6
2026-03-27T14:07:00Z,72,Charge 6
2026-03-27T14:08:00Z,75,Charge 6
2026-03-27T14:09:00Z,91,Charge 6
2026-03-27T14:10:00Z,91,Charge 6
2026-03-27T14:11:00Z,65,Charge 6
2026-03-27T14:12:00Z,80,Charge 6
2026-03-27T14:13:00Z,65,Charge 6
2026-03-27T14:14:00Z,70,Charge 6
2026-03-27T14:15:00Z,69,Charge 6
2026-03-27T14:16:00Z,56,Charge 6
2026-03-27T14:17:00Z,49,Charge 6
2026-03-27T14:18:00Z,59,Charge 6
2026-03-27T14:19:00Z,10,Charge 6
2026-03-27T14:20:00Z,26,Charge 6
2026-03-27T14:21:00Z,16,Charge 6
2026-03-27T14:22:00Z,12,Charge 6
2026-03-27T14:33:00Z,19,Charge 6
2026-03-27T14:34:00Z,26,Charge 6
2026-03-27T14:35:00Z,26,Charge 6
2026-03-27T14:37:00Z,28,Charge 6
2026-03-27T14:38:00Z,57,Charge 6
2026-03-27T14:39:00Z,8,Charge 6
2026-03-27T14:40:00Z,13,Charge 6
2026-03-27T14:41:00Z,46,Charge 6
2026-03-27T14:42:00Z,35,Charge 6
2026-03-27T14:43:00Z,24,Charge 6
2026-03-27T14:44:00Z,27,Charge 6
2026-03-27T14:45:00Z,46,Charge 6
2026-03-27T14:47:00Z,28,Charge 6
2026-03-27T14:49:00Z,7,Charge 6
2026-03-27T14:50:00Z,22,Charge 6
2026-03-27T14:51:00Z,22,Charge 6
2026-03-27T14:52:00Z,15,Charge 6
2026-03-27T15:07:00Z,6,Charge 6
2026-03-27T15:16:00Z,8,Charge 6
2026-03-27T15:17:00Z,12,Charge 6
2026-03-27T15:20:00Z,14,Charge 6
2026-03-27T15:22:00Z,28,Charge 6
2026-03-27T15:24:00Z,6,Charge 6
2026-03-27T15:27:00Z,24,Charge 6
2026-03-27T15:28:00Z,8,Charge 6
2026-03-27T15:31:00Z,8,Charge 6
2026-03-27T15:32:00Z,5,Charge 6
2026-03-27T15:33:00Z,33,Charge 6
2026-03-27T15:34:00Z,20,Charge 6
2026-03-27T15:35:00Z,9,Charge 6
2026-03-27T15:41:00Z,6,Charge 6
2026-03-27T15:42:00Z,1,Charge 6
2026-03-27T15:43:00Z,22,Charge 6
2026-03-27T15:45:00Z,10,Charge 6
2026-03-27T15:49:00Z,6,Charge 6
2026-03-27T15:50:00Z,5,Charge 6
2026-03-27T15:57:00Z,14,Charge 6
2026-03-27T16:10:00Z,11,Charge 6
2026-03-27T18:05:00Z,11,Charge 6
2026-03-27T18:07:00Z,8,Charge 6
2026-03-27T18:08:00Z,8,Charge 6
2026-03-27T18:28:00Z,8,Charge 6
2026-03-27T18:29:00Z,14,Charge 6
2026-03-27T18:31:00Z,15,Charge 6
2026-03-27T18:37:00Z,15,Charge 6
2026-03-27T18:38:00Z,24,Charge 6
2026-03-27T18:39:00Z,42,Charge 6
2026-03-27T18:40:00Z,54,Charge 6
2026-03-27T18:41:00Z,10,Charge 6
2026-03-27T18:44:00Z,25,Charge 6
2026-03-27T19:59:00Z,16,Charge 6
2026-03-27T20:34:00Z,15,Charge 6
2026-03-27T20:36:00Z,22,Charge 6
2026-03-27T20:37:00Z,31,Charge 6
2026-03-27T20:44:00Z,10,Charge 6
2026-03-27T21:18:00Z,23,Charge 6
2026-03-27T21:28:00Z,7,Charge 6
2026-03-27T22:23:00Z,20,Charge 6
2026-03-27T22:25:00Z,20,Charge 6
2026-03-27T22:26:00Z,8,Charge 6
2026-03-27T22:27:00Z,12,Charge 6
2026-03-27T22:54:00Z,26,Charge 6
2026-03-28T06:33:00Z,46,Charge 6
2026-03-28T06:39:00Z,7,Charge 6
2026-03-28T06:46:00Z,21,Charge 6
2026-03-28T07:10:00Z,4,Charge 6
2026-03-28T07:12:00Z,20,Charge 6
2026-03-28T07:13:00Z,7,Charge 6
2026-03-28T07:18:00Z,85,Charge 6
2026-03-28T07:19:00Z,100,Charge 6
2026-03-28T07:20:00Z,92,Charge 6
2026-03-28T07:21:00Z,90,Charge 6
2026-03-28T07:22:00Z,91,Charge 6
2026-03-28T07:23:00Z,88,Charge 6
2026-03-28T07:24:00Z,104,Charge 6
2026-03-28T07:25:00Z,81,Charge 6
2026-03-28T07:26:00Z,75,Charge 6
2026-03-28T07:27:00Z,75,Charge 6
2026-03-28T07:28:00Z,78,Charge 6
2026-03-28T07:29:00Z,78,Charge 6
2026-03-28T07:30:00Z,74,Charge 6
2026-03-28T07:31:00Z,82,Charge 6
2026-03-28T07:32:00Z,79,Charge 6
2026-03-28T07:33:00Z,75,Charge 6
2026-03-28T07:34:00Z,108,Charge 6
2026-03-28T07:35:00Z,78,Charge 6
2026-03-28T07:36:00Z,74,Charge 6
2026-03-28T07:37:00Z,80,Charge 6
2026-03-28T07:38:00Z,77,Charge 6
2026-03-28T07:39:00Z,75,Charge 6
2026-03-28T07:40:00Z,77,Charge 6
2026-03-28T07:41:00Z,72,Charge 6
2026-03-28T07:42:00Z,84,Charge 6
2026-03-28T07:43:00Z,91,Charge 6
2026-03-28T07:44:00Z,88,Charge 6
2026-03-28T07:45:00Z,85,Charge 6
2026-03-28T07:46:00Z,94,Charge 6
2026-03-28T07:47:00Z,75,Charge 6
2026-03-28T07:52:00Z,6,Charge 6
2026-03-28T07:54:00Z,8,Charge 6
2026-03-28T07:55:00Z,24,Charge 6
2026-03-28T07:56:00Z,1,Charge 6
2026-03-28T07:57:00Z,17,Charge 6
2026-03-28T07:58:00Z,7,Charge 6
2026-03-28T08:00:00Z,8,Charge 6
2026-03-28T08:01:00Z,18,Charge 6
2026-03-28T08:02:00Z,16,Charge 6
2026-03-28T08:03:00Z,1,Charge 6
2026-03-28T08:04:00Z,9,Charge 6
2026-03-28T08:05:00Z,8,Charge 6
2026-03-28T08:06:00Z,6,Charge 6
2026-03-28T08:08:00Z,39,Charge 6
2026-03-28T08:09:00Z,11,Charge 6
2026-03-28T08:10:00Z,18,Charge 6
2026-03-28T08:11:00Z,34,Charge 6
2026-03-28T08:12:00Z,28,Charge 6
2026-03-28T08:18:00Z,36,Charge 6
2026-03-28T08:19:00Z,6,Charge 6
2026-03-28T08:32:00Z,8,Charge 6
2026-03-28T08:38:00Z,15,Charge 6
2026-03-28T08:39:00Z,5,Charge 6
2026-03-28T08:45:00Z,22,Charge 6
2026-03-28T08:46:00Z,29,Charge 6
2026-03-28T08:47:00Z,58,Charge 6
2026-03-28T08:48:00Z,20,Charge 6
2026-03-28T08:50:00Z,29,Charge 6
2026-03-28T08:51:00Z,13,Charge 6
2026-03-28T08:53:00Z,8,Charge 6
2026-03-28T09:24:00Z,6,Charge 6
2026-03-28T09:26:00Z,16,Charge 6
2026-03-28T09:27:00Z,5,Charge 6
2026-03-28T09:28:00Z,24,Charge 6
2026-03-28T09:29:00Z,36,Charge 6
2026-03-28T09:30:00Z,51,Charge 6
2026-03-28T09:31:00Z,29,Charge 6
2026-03-28T09:32:00Z,47,Charge 6
2026-03-28T09:33:00Z,13,Charge 6
2026-03-28T09:34:00Z,21,Charge 6
2026-03-28T09:35:00Z,34,Charge 6
2026-03-28T09:36:00Z,27,Charge 6
2026-03-28T09:37:00Z,51,Charge 6
2026-03-28T09:38:00Z,41,Charge 6
2026-03-28T09:39:00Z,12,Charge 6
2026-03-28T09:53:00Z,35,Charge 6
2026-03-28T09:54:00Z,22,Charge 6
2026-03-28T09:55:00Z,7,Charge 6
2026-03-28T09:56:00Z,35,Charge 6
2026-03-28T09:57:00Z,24,Charge 6
2026-03-28T09:58:00Z,63,Charge 6
2026-03-28T09:59:00Z,60,Charge 6
2026-03-28T10:00:00Z,76,Charge 6
2026-03-28T10:01:00Z,71,Charge 6
2026-03-28T10:02:00Z,64,Charge 6
2026-03-28T10:03:00Z,109,Charge 6
2026-03-28T10:04:00Z,84,Charge 6
2026-03-28T10:05:00Z,48,Charge 6
2026-03-28T10:06:00Z,71,Charge 6
2026-03-28T10:07:00Z,63,Charge 6
2026-03-28T10:08:00Z,32,Charge 6
2026-03-28T10:09:00Z,2,Charge 6
2026-03-28T10:10:00Z,19,Charge 6
2026-03-28T10:11:00Z,27,Charge 6
2026-03-28T10:12:00Z,9,Charge 6
2026-03-28T10:13:00Z,32,Charge 6
2026-03-28T10:14:00Z,22,Charge 6
2026-03-28T10:15:00Z,9,Charge 6
2026-03-28T10:16:00Z,9,Charge 6
2026-03-28T10:24:00Z,30,Charge 6
2026-03-28T10:25:00Z,45,Charge 6
2026-03-28T10:28:00Z,26,Charge 6
2026-03-28T10:33:00Z,10,Charge 6
2026-03-28T10:34:00Z,18,Charge 6
2026-03-28T10:35:00Z,29,Charge 6
2026-03-28T10:36:00Z,51,Charge 6
2026-03-28T10:37:00Z,51,Charge 6
2026-03-28T11:09:00Z,4,Charge 6
2026-03-28T11:10:00Z,81,Charge 6
2026-03-28T11:11:00Z,73,Charge 6
2026-03-28T11:12:00Z,64,Charge 6
2026-03-28T11:13:00Z,39,Charge 6
2026-03-28T11:14:00Z,21,Charge 6
2026-03-28T11:15:00Z,10,Charge 6
2026-03-28T11:16:00Z,25,Charge 6
2026-03-28T11:17:00Z,7,Charge 6
2026-03-28T11:19:00Z,36,Charge 6
2026-03-28T11:20:00Z,56,Charge 6
2026-03-28T11:21:00Z,73,Charge 6
2026-03-28T11:22:00Z,8,Charge 6
2026-03-28T11:25:00Z,31,Charge 6
2026-03-28T11:26:00Z,11,Charge 6
2026-03-28T11:28:00Z,48,Charge 6
2026-03-28T11:35:00Z,12,Charge 6
2026-03-28T11:36:00Z,46,Charge 6
2026-03-28T11:38:00Z,23,Charge 6
2026-03-28T11:41:00Z,50,Charge 6
2026-03-28T11:42:00Z,69,Charge 6
2026-03-28T11:43:00Z,11,Charge 6
2026-03-28T11:47:00Z,27,Charge 6
2026-03-28T11:58:00Z,15,Charge 6
2026-03-28T11:59:00Z,15,Charge 6
2026-03-28T12:00:00Z,7,Charge 6
2026-03-28T12:01:00Z,21,Charge 6
2026-03-28T12:02:00Z,33,Charge 6
2026-03-28T12:03:00Z,40,Charge 6
2026-03-28T12:04:00Z,6,Charge 6
2026-03-28T12:07:00Z,38,Charge 6
2026-03-28T12:09:00Z,33,Charge 6
2026-03-28T12:10:00Z,4,Charge 6
2026-03-28T12:11:00Z,17,Charge 6
2026-03-28T12:13:00Z,29,Charge 6
2026-03-28T12:14:00Z,8,Charge 6
2026-03-28T12:15:00Z,103,Charge 6
2026-03-28T12:16:00Z,48,Charge 6
2026-03-28T12:17:00Z,11,Charge 6
2026-03-28T12:39:00Z,12,Charge 6
2026-03-28T13:34:00Z,53,Charge 6
2026-03-28T13:35:00Z,16,Charge 6
2026-03-28T13:37:00Z,56,Charge 6
2026-03-28T13:38:00Z,34,Charge 6
2026-03-28T13:39:00Z,8,Charge 6
2026-03-28T13:48:00Z,6,Charge 6
2026-03-28T13:49:00Z,26,Charge 6
2026-03-28T13:50:00Z,7,Charge 6
2026-03-28T13:51:00Z,26,Charge 6
2026-03-28T13:52:00Z,3,Charge 6
2026-03-28T13:54:00Z,9,Charge 6
2026-03-28T13:55:00Z,34,Charge 6
2026-03-28T13:56:00Z,16,Charge 6
2026-03-28T14:00:00Z,26,Charge 6
2026-03-28T14:01:00Z,19,Charge 6
2026-03-28T14:02:00Z,34,Charge 6
2026-03-28T14:04:00Z,6,Charge 6
2026-03-28T14:08:00Z,9,Charge 6
2026-03-28T14:09:00Z,8,Charge 6
2026-03-28T14:15:00Z,15,Charge 6
2026-03-28T14:16:00Z,7,Charge 6
2026-03-28T14:18:00Z,15,Charge 6
2026-03-28T14:23:00Z,11,Charge 6
2026-03-28T14:24:00Z,7,Charge 6
2026-03-28T14:43:00Z,31,Charge 6
2026-03-28T14:44:00Z,42,Charge 6
2026-03-28T15:24:00Z,15,Charge 6
2026-03-28T15:32:00Z,16,Charge 6
2026-03-28T15:49:00Z,30,Charge 6
2026-03-28T15:51:00Z,57,Charge 6
2026-03-28T15:52:00Z,71,Charge 6
2026-03-28T15:53:00Z,90,Charge 6
2026-03-28T15:54:00Z,80,Charge 6
2026-03-28T15:55:00Z,29,Charge 6
2026-03-28T15:56:00Z,17,Charge 6
2026-03-28T15:58:00Z,12,Charge 6
2026-03-28T16:52:00Z,9,Charge 6
2026-03-28T16:53:00Z,42,Charge 6
2026-03-28T16:54:00Z,19,Charge 6
2026-03-28T17:00:00Z,11,Charge 6
2026-03-28T17:01:00Z,14,Charge 6
2026-03-28T17:02:00Z,36,Charge 6
2026-03-28T17:03:00Z,26,Charge 6
2026-03-28T17:04:00Z,33,Charge 6
2026-03-28T17:05:00Z,8,Charge 6
2026-03-28T17:06:00Z,11,Charge 6
2026-03-28T17:07:00Z,14,Charge 6
2026-03-28T17:11:00Z,13,Charge 6
2026-03-28T17:12:00Z,6,Charge 6
2026-03-28T17:17:00Z,12,Charge 6
2026-03-28T17:18:00Z,38,Charge 6
2026-03-28T17:19:00Z,42,Charge 6
2026-03-28T17:20:00Z,15,Charge 6
2026-03-28T17:42:00Z,10,Charge 6
2026-03-28T17:44:00Z,23,Charge 6
2026-03-28T17:45:00Z,31,Charge 6
2026-03-28T17:47:00Z,14,Charge 6
2026-03-28T17:48:00Z,27,Charge 6
2026-03-28T18:02:00Z,11,Charge 6
2026-03-28T18:03:00Z,27,Charge 6
2026-03-28T18:04:00Z,30,Charge 6
2026-03-28T18:07:00Z,59,Charge 6
2026-03-28T18:32:00Z,21,Charge 6
2026-03-28T18:33:00Z,23,Charge 6
2026-03-28T18:45:00Z,53,Charge 6
2026-03-28T19:01:00Z,9,Charge 6
2026-03-28T19:02:00Z,25,Charge 6
2026-03-28T19:04:00Z,31,Charge 6
2026-03-28T19:05:00Z,3,Charge 6
2026-03-28T19:08:00Z,7,Charge 6
2026-03-28T19:13:00Z,8,Charge 6
2026-03-28T19:34:00Z,4,Charge 6
2026-03-28T19:47:00Z,10,Charge 6
2026-03-28T19:48:00Z,41,Charge 6
2026-03-28T20:06:00Z,31,Charge 6
2026-03-28T20:23:00Z,6,Charge 6
2026-03-28T20:37:00Z,21,Charge 6
2026-03-28T20:41:00Z,15,Charge 6
2026-03-28T21:02:00Z,4,Charge 6
2026-03-28T21:23:00Z,9,Charge 6
2026-03-28T21:38:00Z,4,Charge 6
2026-03-28T22:08:00Z,9,Charge 6
2026-03-28T22:14:00Z,9,Charge 6
2026-03-28T22:15:00Z,7,Charge 6
2026-03-28T22:22:00Z,12,Charge 6
2026-03-28T22:23:00Z,5,Charge 6
2026-03-28T22:27:00Z,18,Charge 6
2026-03-28T22:29:00Z,6,Charge 6
2026-03-28T22:31:00Z,8,Charge 6
2026-03-28T22:33:00Z,7,Charge 6
2026-03-28T22:37:00Z,22,Charge 6
2026-03-28T22:38:00Z,8,Charge 6
2026-03-28T22:40:00Z,14,Charge 6
2026-03-28T22:53:00Z,12,Charge 6
2026-03-28T22:54:00Z,9,Charge 6
2026-03-28T22:57:00Z,17,Charge 6
2026-03-28T22:58:00Z,11,Charge 6
2026-03-28T22:59:00Z,20,Charge 6
2026-03-28T23:16:00Z,8,Charge 6
2026-03-28T23:17:00Z,7,Charge 6
2026-03-28T23:19:00Z,35,Charge 6
2026-03-28T23:21:00Z,6,Charge 6
2026-03-29T03:17:00Z,7,Charge 6
2026-03-29T04:25:00Z,8,Charge 6
2026-03-29T06:00:00Z,9,Charge 6
2026-03-29T06:01:00Z,40,Charge 6
2026-03-29T06:08:00Z,8,Charge 6
2026-03-29T06:12:00Z,23,Charge 6
2026-03-29T06:17:00Z,16,Charge 6
2026-03-29T06:18:00Z,17,Charge 6
2026-03-29T06:19:00Z,8,Charge 6
2026-03-29T06:22:00Z,25,Charge 6
2026-03-29T06:23:00Z,5,Charge 6
2026-03-29T06:39:00Z,15,Charge 6
2026-03-29T06:41:00Z,7,Charge 6
2026-03-29T06:42:00Z,8,Charge 6
2026-03-29T06:43:00Z,9,Charge 6
2026-03-29T06:50:00Z,9,Charge 6
2026-03-29T06:51:00Z,26,Charge 6
2026-03-29T06:52:00Z,20,Charge 6
2026-03-29T06:53:00Z,21,Charge 6
2026-03-29T06:55:00Z,33,Charge 6
2026-03-29T06:56:00Z,28,Charge 6
2026-03-29T06:57:00Z,6,Charge 6
2026-03-29T06:58:00Z,28,Charge 6
2026-03-29T07:00:00Z,38,Charge 6
2026-03-29T07:01:00Z,10,Charge 6
2026-03-29T07:02:00Z,36,Charge 6
2026-03-29T07:03:00Z,10,Charge 6
2026-03-29T07:04:00Z,20,Charge 6
2026-03-29T07:05:00Z,20,Charge 6
2026-03-29T07:06:00Z,20,Charge 6
2026-03-29T07:08:00Z,7,Charge 6
2026-03-29T07:10:00Z,9,Charge 6
2026-03-29T07:11:00Z,22,Charge 6
2026-03-29T07:12:00Z,5,Charge 6
2026-03-29T07:14:00Z,9,Charge 6
2026-03-29T07:26:00Z,13,Charge 6
2026-03-29T07:43:00Z,16,Charge 6
2026-03-29T08:04:00Z,17,Charge 6
2026-03-29T08:07:00Z,12,Charge 6
2026-03-29T08:12:00Z,9,Charge 6
2026-03-29T08:15:00Z,22,Charge 6
2026-03-29T08:16:00Z,9,Charge 6
2026-03-29T08:18:00Z,4,Charge 6
2026-03-29T08:19:00Z,36,Charge 6
2026-03-29T08:20:00Z,1,Charge 6
2026-03-29T08:23:00Z,26,Charge 6
2026-03-29T08:24:00Z,35,Charge 6
2026-03-29T08:25:00Z,5,Charge 6
2026-03-29T09:08:00Z,10,Charge 6
2026-03-29T09:13:00Z,6,Charge 6
2026-03-29T09:33:00Z,7,Charge 6
2026-03-29T09:35:00Z,17,Charge 6
2026-03-29T09:39:00Z,39,Charge 6
2026-03-29T10:12:00Z,7,Charge 6
2026-03-29T10:13:00Z,7,Charge 6
2026-03-29T10:15:00Z,16,Charge 6
2026-03-29T10:16:00Z,10,Charge 6
2026-03-29T10:19:00Z,9,Charge 6
2026-03-29T10:20:00Z,15,Charge 6
2026-03-29T10:21:00Z,9,Charge 6
2026-03-29T10:22:00Z,32,Charge 6
2026-03-29T10:23:00Z,36,Charge 6
2026-03-29T10:24:00Z,6,Charge 6
2026-03-29T10:25:00Z,5,Charge 6
2026-03-29T10:37:00Z,10,Charge 6
2026-03-29T10:38:00Z,8,Charge 6
2026-03-29T10:39:00Z,41,Charge 6
2026-03-29T10:42:00Z,20,Charge 6
2026-03-29T10:45:00Z,12,Charge 6
2026-03-29T10:46:00Z,11,Charge 6
2026-03-29T10:48:00Z,22,Charge 6
2026-03-29T10:49:00Z,9,Charge 6
2026-03-29T10:50:00Z,7,Charge 6
2026-03-29T10:51:00Z,14,Charge 6
2026-03-29T10:52:00Z,68,Charge 6
2026-03-29T10:53:00Z,37,Charge 6
2026-03-29T10:54:00Z,91,Charge 6
2026-03-29T10:55:00Z,87,Charge 6
2026-03-29T10:56:00Z,32,Charge 6
2026-03-29T10:57:00Z,16,Charge 6
2026-03-29T10:58:00Z,28,Charge 6
2026-03-29T10:59:00Z,1,Charge 6
2026-03-29T11:01:00Z,21,Charge 6
2026-03-29T11:02:00Z,32,Charge 6
2026-03-29T11:03:00Z,44,Charge 6
2026-03-29T11:04:00Z,55,Charge 6
2026-03-29T11:05:00Z,54,Charge 6
2026-03-29T11:06:00Z,67,Charge 6
2026-03-29T11:07:00Z,68,Charge 6
2026-03-29T11:08:00Z,82,Charge 6
2026-03-29T11:09:00Z,82,Charge 6
2026-03-29T11:10:00Z,57,Charge 6
2026-03-29T11:15:00Z,8,Charge 6
2026-03-29T11:17:00Z,38,Charge 6
2026-03-29T11:18:00Z,59,Charge 6
2026-03-29T11:19:00Z,111,Charge 6
2026-03-29T11:20:00Z,72,Charge 6
2026-03-29T11:22:00Z,9,Charge 6
2026-03-29T11:23:00Z,41,Charge 6
2026-03-29T11:24:00Z,27,Charge 6
2026-03-29T11:41:00Z,12,Charge 6
2026-03-29T11:54:00Z,8,Charge 6
2026-03-29T12:05:00Z,34,Charge 6
2026-03-29T12:06:00Z,23,Charge 6
2026-03-29T12:07:00Z,35,Charge 6
2026-03-29T12:09:00Z,44,Charge 6
2026-03-29T12:10:00Z,21,Charge 6
2026-03-29T12:23:00Z,6,Charge 6
2026-03-29T12:30:00Z,9,Charge 6
2026-03-29T12:48:00Z,8,Charge 6
2026-03-29T12:49:00Z,2,Charge 6
2026-03-29T12:50:00Z,6,Charge 6
2026-03-29T13:00:00Z,50,Charge 6
2026-03-29T13:01:00Z,79,Charge 6
2026-03-29T13:02:00Z,40,Charge 6
2026-03-29T13:03:00Z,35,Charge 6
2026-03-29T13:04:00Z,95,Charge 6
2026-03-29T13:05:00Z,42,Charge 6
2026-03-29T13:06:00Z,28,Charge 6
2026-03-29T13:07:00Z,73,Charge 6
2026-03-29T13:08:00Z,28,Charge 6
2026-03-29T13:09:00Z,73,Charge 6
2026-03-29T13:10:00Z,8,Charge 6
2026-03-29T13:13:00Z,19,Charge 6
2026-03-29T13:15:00Z,27,Charge 6
2026-03-29T13:17:00Z,25,Charge 6
2026-03-29T13:18:00Z,9,Charge 6
2026-03-29T13:19:00Z,7,Charge 6
2026-03-29T13:20:00Z,38,Charge 6
2026-03-29T13:22:00Z,51,Charge 6
2026-03-29T13:27:00Z,9,Charge 6
2026-03-29T13:29:00Z,43,Charge 6
2026-03-29T13:30:00Z,3,Charge 6
2026-03-29T13:31:00Z,30,Charge 6
2026-03-29T13:32:00Z,81,Charge 6
2026-03-29T13:33:00Z,36,Charge 6
2026-03-29T13:36:00Z,56,Charge 6
2026-03-29T13:37:00Z,49,Charge 6
2026-03-29T13:39:00Z,17,Charge 6
2026-03-29T13:40:00Z,33,Charge 6
2026-03-29T13:41:00Z,26,Charge 6
2026-03-29T13:42:00Z,79,Charge 6
2026-03-29T13:43:00Z,40,Charge 6
2026-03-29T13:44:00Z,21,Charge 6
2026-03-29T13:46:00Z,12,Charge 6
2026-03-29T14:32:00Z,7,Charge 6
2026-03-29T14:37:00Z,52,Charge 6
2026-03-29T14:38:00Z,25,Charge 6
2026-03-29T14:39:00Z,28,Charge 6
2026-03-29T14:40:00Z,15,Charge 6
2026-03-29T14:43:00Z,30,Charge 6
2026-03-29T14:44:00Z,9,Charge 6
2026-03-29T14:45:00Z,22,Charge 6
2026-03-29T14:55:00Z,15,Charge 6
2026-03-29T15:06:00Z,7,Charge 6
2026-03-29T15:09:00Z,17,Charge 6
2026-03-29T15:20:00Z,26,Charge 6
2026-03-29T15:51:00Z,7,Charge 6
2026-03-29T15:52:00Z,41,Charge 6
2026-03-29T15:54:00Z,13,Charge 6
2026-03-29T15:55:00Z,4,Charge 6
2026-03-29T15:58:00Z,4,Charge 6
2026-03-29T16:00:00Z,6,Charge 6
2026-03-29T16:04:00Z,9,Charge 6
2026-03-29T16:05:00Z,1,Charge 6
2026-03-29T16:27:00Z,5,Charge 6
2026-03-29T16:28:00Z,19,Charge 6
2026-03-29T16:44:00Z,7,Charge 6
2026-03-29T16:55:00Z,5,Charge 6
2026-03-29T16:56:00Z,19,Charge 6
2026-03-29T16:57:00Z,25,Charge 6
2026-03-29T16:58:00Z,22,Charge 6
2026-03-29T16:59:00Z,16,Charge 6
2026-03-29T17:00:00Z,12,Charge 6
2026-03-29T17:03:00Z,35,Charge 6
2026-03-29T17:04:00Z,10,Charge 6
2026-03-29T17:06:00Z,12,Charge 6
2026-03-29T17:07:00Z,30,Charge 6
2026-03-29T17:08:00Z,3,Charge 6
2026-03-29T17:10:00Z,10,Charge 6
2026-03-29T17:11:00Z,16,Charge 6
2026-03-29T17:13:00Z,8,Charge 6
2026-03-29T17:14:00Z,9,Charge 6
2026-03-29T17:16:00Z,13,Charge 6
2026-03-29T17:19:00Z,25,Charge 6
2026-03-29T17:20:00Z,10,Charge 6
2026-03-29T17:21:00Z,13,Charge 6
2026-03-29T17:22:00Z,47,Charge 6
2026-03-29T17:24:00Z,34,Charge 6
2026-03-29T17:25:00Z,17,Charge 6
2026-03-29T17:26:00Z,13,Charge 6
2026-03-29T17:27:00Z,10,Charge 6
2026-03-29T17:29:00Z,17,Charge 6
2026-03-29T17:30:00Z,8,Charge 6
2026-03-29T17:31:00Z,19,Charge 6
2026-03-29T17:32:00Z,15,Charge 6
2026-03-29T17:33:00Z,28,Charge 6
2026-03-29T18:36:00Z,11,Charge 6
2026-03-29T18:51:00Z,15,Charge 6
2026-03-29T18:52:00Z,4,Charge 6
2026-03-29T18:53:00Z,30,Charge 6
2026-03-29T19:07:00Z,10,Charge 6
2026-03-29T19:08:00Z,6,Charge 6
2026-03-29T19:12:00Z,16,Charge 6
2026-03-29T19:58:00Z,16,Charge 6
2026-03-29T20:00:00Z,20,Charge 6
2026-03-29T20:02:00Z,15,Charge 6
2026-03-29T20:03:00Z,16,Charge 6
2026-03-29T20:05:00Z,22,Charge 6
2026-03-29T20:19:00Z,20,Charge 6
2026-03-29T20:20:00Z,17,Charge 6
2026-03-29T20:21:00Z,33,Charge 6
2026-03-29T20:22:00Z,9,Charge 6
2026-03-29T20:55:00Z,8,Charge 6
2026-03-29T20:56:00Z,2,Charge 6
2026-03-29T21:44:00Z,6,Charge 6
2026-03-30T02:41:00Z,10,Charge 6
2026-03-30T04:46:00Z,16,Charge 6
2026-03-30T04:52:00Z,6,Charge 6
2026-03-30T04:53:00Z,21,Charge 6
2026-03-30T04:54:00Z,17,Charge 6
2026-03-30T04:58:00Z,17,Charge 6
2026-03-30T04:59:00Z,64,Charge 6
2026-03-30T05:00:00Z,71,Charge 6
2026-03-30T05:01:00Z,103,Charge 6
2026-03-30T05:02:00Z,81,Charge 6
2026-03-30T05:03:00Z,83,Charge 6
2026-03-30T05:04:00Z,72,Charge 6
2026-03-30T05:05:00Z,65,Charge 6
2026-03-30T05:06:00Z,53,Charge 6
2026-03-30T05:07:00Z,53,Charge 6
2026-03-30T05:08:00Z,111,Charge 6
2026-03-30T05:09:00Z,95,Charge 6
2026-03-30T05:10:00Z,91,Charge 6
2026-03-30T05:11:00Z,67,Charge 6
2026-03-30T05:12:00Z,26,Charge 6
2026-03-30T05:14:00Z,38,Charge 6
2026-03-30T05:15:00Z,41,Charge 6
2026-03-30T05:16:00Z,71,Charge 6
2026-03-30T05:17:00Z,87,Charge 6
2026-03-30T05:18:00Z,92,Charge 6
2026-03-30T05:19:00Z,80,Charge 6
2026-03-30T05:20:00Z,85,Charge 6
2026-03-30T05:21:00Z,88,Charge 6
2026-03-30T05:22:00Z,83,Charge 6
2026-03-30T05:23:00Z,79,Charge 6
2026-03-30T05:24:00Z,91,Charge 6
2026-03-30T05:25:00Z,72,Charge 6
2026-03-30T05:26:00Z,82,Charge 6
2026-03-30T05:27:00Z,76,Charge 6
2026-03-30T05:28:00Z,82,Charge 6
2026-03-30T05:29:00Z,80,Charge 6
2026-03-30T05:30:00Z,76,Charge 6
2026-03-30T05:31:00Z,80,Charge 6
2026-03-30T05:32:00Z,73,Charge 6
2026-03-30T05:33:00Z,75,Charge 6
2026-03-30T05:34:00Z,70,Charge 6
2026-03-30T05:35:00Z,89,Charge 6
2026-03-30T05:36:00Z,81,Charge 6
2026-03-30T05:37:00Z,72,Charge 6
2026-03-30T05:38:00Z,76,Charge 6
2026-03-30T05:39:00Z,81,Charge 6
2026-03-30T05:40:00Z,54,Charge 6
2026-03-30T05:41:00Z,73,Charge 6
2026-03-30T05:42:00Z,86,Charge 6
2026-03-30T05:43:00Z,88,Charge 6
2026-03-30T05:44:00Z,73,Charge 6
2026-03-30T05:46:00Z,9,Charge 6
2026-03-30T05:47:00Z,13,Charge 6
2026-03-30T05:51:00Z,21,Charge 6
2026-03-30T05:52:00Z,13,Charge 6
2026-03-30T05:53:00Z,4,Charge 6
2026-03-30T05:55:00Z,13,Charge 6
2026-03-30T05:56:00Z,20,Charge 6
2026-03-30T05:58:00Z,11,Charge 6
2026-03-30T06:02:00Z,59,Charge 6
2026-03-30T06:03:00Z,6,Charge 6
2026-03-30T06:18:00Z,35,Charge 6
2026-03-30T06:19:00Z,33,Charge 6
2026-03-30T06:20:00Z,38,Charge 6
2026-03-30T06:32:00Z,17,Charge 6
2026-03-30T06:34:00Z,35,Charge 6
2026-03-30T06:45:00Z,5,Charge 6
2026-03-30T06:46:00Z,52,Charge 6
2026-03-30T06:47:00Z,52,Charge 6
2026-03-30T06:48:00Z,70,Charge 6
2026-03-30T06:49:00Z,3,Charge 6
2026-03-30T07:53:00Z,36,Charge 6
2026-03-30T07:54:00Z,92,Charge 6
2026-03-30T07:55:00Z,100,Charge 6
2026-03-30T07:56:00Z,39,Charge 6
2026-03-30T08:13:00Z,4,Charge 6
2026-03-30T08:21:00Z,6,Charge 6
2026-03-30T08:25:00Z,10,Charge 6
2026-03-30T08:26:00Z,10,Charge 6
2026-03-30T08:28:00Z,9,Charge 6
2026-03-30T08:29:00Z,18,Charge 6
2026-03-30T08:30:00Z,29,Charge 6
2026-03-30T08:31:00Z,28,Charge 6
2026-03-30T08:32:00Z,19,Charge 6
2026-03-30T08:41:00Z,33,Charge 6
2026-03-30T08:42:00Z,9,Charge 6
2026-03-30T09:22:00Z,22,Charge 6
2026-03-30T09:30:00Z,9,Charge 6
2026-03-30T09:31:00Z,14,Charge 6
2026-03-30T09:32:00Z,12,Charge 6
2026-03-30T09:34:00Z,8,Charge 6
2026-03-30T09:36:00Z,7,Charge 6
2026-03-30T09:49:00Z,7,Charge 6
2026-03-30T09:55:00Z,26,Charge 6
2026-03-30T09:57:00Z,43,Charge 6
2026-03-30T10:22:00Z,17,Charge 6
2026-03-30T10:26:00Z,16,Charge 6
2026-03-30T10:28:00Z,23,Charge 6
2026-03-30T10:49:00Z,49,Charge 6
2026-03-30T10:50:00Z,9,Charge 6
2026-03-30T11:20:00Z,14,Charge 6
2026-03-30T11:21:00Z,9,Charge 6
2026-03-30T11:30:00Z,14,Charge 6
2026-03-30T11:53:00Z,15,Charge 6
2026-03-30T12:09:00Z,19,Charge 6
2026-03-30T12:10:00Z,8,Charge 6
2026-03-30T12:11:00Z,6,Charge 6
2026-03-30T12:20:00Z,8,Charge 6
2026-03-30T12:21:00Z,45,Charge 6
2026-03-30T12:22:00Z,14,Charge 6
2026-03-30T12:23:00Z,23,Charge 6
2026-03-30T12:26:00Z,9,Charge 6
2026-03-30T12:28:00Z,16,Charge 6
2026-03-30T12:29:00Z,13,Charge 6
2026-03-30T13:01:00Z,20,Charge 6
2026-03-30T13:02:00Z,13,Charge 6
2026-03-30T13:03:00Z,37,Charge 6
2026-03-30T13:04:00Z,7,Charge 6
2026-03-30T13:12:00Z,27,Charge 6
2026-03-30T13:13:00Z,28,Charge 6
2026-03-30T13:14:00Z,31,Charge 6
2026-03-30T13:15:00Z,31,Charge 6
2026-03-30T13:16:00Z,13,Charge 6
2026-03-30T13:17:00Z,52,Charge 6
2026-03-30T13:18:00Z,30,Charge 6
2026-03-30T13:19:00Z,82,Charge 6
2026-03-30T13:20:00Z,72,Charge 6
2026-03-30T13:21:00Z,42,Charge 6
2026-03-30T13:22:00Z,72,Charge 6
2026-03-30T13:23:00Z,64,Charge 6
2026-03-30T13:24:00Z,45,Charge 6
2026-03-30T13:25:00Z,75,Charge 6
2026-03-30T13:26:00Z,45,Charge 6
2026-03-30T13:27:00Z,58,Charge 6
2026-03-30T13:28:00Z,49,Charge 6
2026-03-30T13:29:00Z,54,Charge 6
2026-03-30T13:30:00Z,33,Charge 6
2026-03-30T13:31:00Z,40,Charge 6
2026-03-30T13:32:00Z,60,Charge 6
2026-03-30T13:33:00Z,82,Charge 6
2026-03-30T13:34:00Z,78,Charge 6
2026-03-30T13:35:00Z,76,Charge 6
2026-03-30T13:36:00Z,39,Charge 6
2026-03-30T13:37:00Z,12,Charge 6
2026-03-30T13:40:00Z,48,Charge 6
2026-03-30T13:41:00Z,28,Charge 6
2026-03-30T13:42:00Z,23,Charge 6
2026-03-30T13:43:00Z,27,Charge 6
2026-03-30T13:44:00Z,21,Charge 6
2026-03-30T13:45:00Z,30,Charge 6
2026-03-30T13:46:00Z,7,Charge 6
2026-03-30T14:21:00Z,18,Charge 6
2026-03-30T14:22:00Z,9,Charge 6
2026-03-30T14:23:00Z,12,Charge 6
2026-03-30T14:24:00Z,19,Charge 6
2026-03-30T14:26:00Z,56,Charge 6
2026-03-30T14:27:00Z,104,Charge 6
2026-03-30T14:28:00Z,101,Charge 6
2026-03-30T14:29:00Z,103,Charge 6
2026-03-30T14:30:00Z,47,Charge 6
2026-03-30T14:31:00Z,97,Charge 6
2026-03-30T14:32:00Z,19,Charge 6
2026-03-30T14:34:00Z,41,Charge 6
2026-03-30T14:37:00Z,41,Charge 6
2026-03-30T14:49:00Z,13,Charge 6
2026-03-30T14:50:00Z,25,Charge 6
2026-03-30T14:51:00Z,36,Charge 6
2026-03-30T14:52:00Z,6,Charge 6
2026-03-30T15:09:00Z,26,Charge 6
2026-03-30T15:11:00Z,4,Charge 6
2026-03-30T15:29:00Z,10,Charge 6
2026-03-30T15:30:00Z,67,Charge 6
2026-03-30T15:31:00Z,33,Charge 6
2026-03-30T15:32:00Z,94,Charge 6
2026-03-30T15:33:00Z,103,Charge 6
2026-03-30T15:34:00Z,108,Charge 6
2026-03-30T15:35:00Z,84,Charge 6
2026-03-30T15:37:00Z,61,Charge 6
2026-03-30T15:38:00Z,29,Charge 6
2026-03-30T15:42:00Z,25,Charge 6
2026-03-30T15:43:00Z,53,Charge 6
2026-03-30T15:44:00Z,11,Charge 6
2026-03-30T16:04:00Z,29,Charge 6
2026-03-30T16:06:00Z,18,Charge 6
2026-03-30T16:07:00Z,55,Charge 6
2026-03-30T16:08:00Z,33,Charge 6
2026-03-30T16:25:00Z,25,Charge 6
2026-03-30T16:53:00Z,10,Charge 6
2026-03-30T16:54:00Z,35,Charge 6
2026-03-30T16:56:00Z,36,Charge 6
2026-03-30T17:10:00Z,10,Charge 6
2026-03-30T17:11:00Z,34,Charge 6
2026-03-30T17:12:00Z,22,Charge 6
2026-03-30T17:13:00Z,15,Charge 6
2026-03-30T17:19:00Z,9,Charge 6
2026-03-30T17:27:00Z,48,Charge 6
2026-03-30T17:28:00Z,30,Charge 6
2026-03-30T17:29:00Z,34,Charge 6
2026-03-30T17:30:00Z,24,Charge 6
2026-03-30T17:31:00Z,18,Charge 6
2026-03-30T17:45:00Z,20,Charge 6
2026-03-30T17:46:00Z,36,Charge 6
2026-03-30T18:54:00Z,4,Charge 6
2026-03-30T18:55:00Z,53,Charge 6
2026-03-30T18:57:00Z,8,Charge 6
2026-03-30T18:58:00Z,22,Charge 6
2026-03-30T18:59:00Z,13,Charge 6
2026-03-30T19:01:00Z,6,Charge 6
2026-03-30T19:02:00Z,24,Charge 6
2026-03-30T19:06:00Z,10,Charge 6
2026-03-30T19:07:00Z,17,Charge 6
2026-03-30T19:37:00Z,26,Charge 6
2026-03-30T19:38:00Z,23,Charge 6
2026-03-30T19:39:00Z,18,Charge 6
2026-03-30T19:40:00Z,4,Charge 6
2026-03-30T19:41:00Z,46,Charge 6
2026-03-30T19:42:00Z,19,Charge 6
2026-03-30T19:43:00Z,10,Charge 6
2026-03-30T19:44:00Z,20,Charge 6
2026-03-30T19:45:00Z,16,Charge 6
2026-03-30T19:46:00Z,101,Charge 6
2026-03-30T19:47:00Z,108,Charge 6
2026-03-30T19:48:00Z,93,Charge 6
2026-03-30T19:49:00Z,37,Charge 6
2026-03-30T20:13:00Z,7,Charge 6
2026-03-30T20:14:00Z,13,Charge 6
2026-03-30T20:15:00Z,100,Charge 6
2026-03-30T20:16:00Z,111,Charge 6
2026-03-30T20:17:00Z,85,Charge 6
2026-03-30T20:18:00Z,27,Charge 6
2026-03-30T20:21:00Z,4,Charge 6
2026-03-30T20:22:00Z,16,Charge 6
2026-03-30T20:50:00Z,4,Charge 6
2026-03-30T21:20:00Z,6,Charge 6
2026-03-31T00:01:00Z,14,Charge 6
2026-03-31T03:38:00Z,13,Charge 6
2026-03-31T03:41:00Z,33,Charge 6
2026-03-31T03:42:00Z,4,Charge 6
2026-03-31T04:05:00Z,7,Charge 6
2026-03-31T04:06:00Z,43,Charge 6
2026-03-31T04:07:00Z,58,Charge 6
2026-03-31T04:08:00Z,50,Charge 6
2026-03-31T04:09:00Z,52,Charge 6
2026-03-31T04:10:00Z,9,Charge 6
2026-03-31T04:11:00Z,62,Charge 6
2026-03-31T04:12:00Z,48,Charge 6
2026-03-31T04:13:00Z,44,Charge 6
2026-03-31T04:14:00Z,21,Charge 6
2026-03-31T04:16:00Z,11,Charge 6
2026-03-31T04:17:00Z,9,Charge 6
2026-03-31T04:18:00Z,40,Charge 6
2026-03-31T04:19:00Z,8,Charge 6
2026-03-31T04:21:00Z,9,Charge 6
2026-03-31T04:22:00Z,31,Charge 6
2026-03-31T04:23:00Z,22,Charge 6
2026-03-31T04:24:00Z,18,Charge 6
2026-03-31T04:25:00Z,20,Charge 6
2026-03-31T04:26:00Z,36,Charge 6
2026-03-31T04:27:00Z,19,Charge 6
2026-03-31T04:28:00Z,46,Charge 6
2026-03-31T04:30:00Z,8,Charge 6
2026-03-31T04:31:00Z,14,Charge 6
2026-03-31T04:32:00Z,34,Charge 6
2026-03-31T04:33:00Z,56,Charge 6
2026-03-31T04:34:00Z,30,Charge 6
2026-03-31T04:40:00Z,28,Charge 6
2026-03-31T04:41:00Z,34,Charge 6
2026-03-31T04:42:00Z,17,Charge 6
2026-03-31T04:43:00Z,33,Charge 6
2026-03-31T04:44:00Z,6,Charge 6
2026-03-31T04:45:00Z,46,Charge 6
2026-03-31T04:46:00Z,87,Charge 6
2026-03-31T04:47:00Z,107,Charge 6
2026-03-31T04:48:00Z,115,Charge 6
2026-03-31T04:49:00Z,111,Charge 6
2026-03-31T04:50:00Z,114,Charge 6
2026-03-31T04:51:00Z,121,Charge 6
2026-03-31T04:52:00Z,126,Charge 6
2026-03-31T04:53:00Z,122,Charge 6
2026-03-31T04:54:00Z,121,Charge 6
2026-03-31T04:55:00Z,114,Charge 6
2026-03-31T04:56:00Z,104,Charge 6
2026-03-31T04:57:00Z,110,Charge 6
2026-03-31T04:58:00Z,110,Charge 6
2026-03-31T04:59:00Z,145,Charge 6
2026-03-31T05:00:00Z,157,Charge 6
2026-03-31T05:01:00Z,127,Charge 6
2026-03-31T05:02:00Z,114,Charge 6
2026-03-31T05:03:00Z,109,Charge 6
2026-03-31T05:04:00Z,106,Charge 6
2026-03-31T05:05:00Z,92,Charge 6
2026-03-31T05:06:00Z,74,Charge 6
2026-03-31T05:07:00Z,58,Charge 6
2026-03-31T05:08:00Z,71,Charge 6
2026-03-31T05:09:00Z,97,Charge 6
2026-03-31T05:10:00Z,111,Charge 6
2026-03-31T05:11:00Z,112,Charge 6
2026-03-31T05:12:00Z,107,Charge 6
2026-03-31T05:13:00Z,141,Charge 6
2026-03-31T05:14:00Z,154,Charge 6
2026-03-31T05:15:00Z,75,Charge 6
2026-03-31T05:19:00Z,5,Charge 6
2026-03-31T05:21:00Z,10,Charge 6
2026-03-31T05:22:00Z,6,Charge 6
2026-03-31T05:23:00Z,11,Charge 6
2026-03-31T05:24:00Z,9,Charge 6
2026-03-31T05:25:00Z,11,Charge 6
2026-03-31T05:26:00Z,4,Charge 6
2026-03-31T05:27:00Z,25,Charge 6
2026-03-31T05:28:00Z,10,Charge 6
2026-03-31T05:29:00Z,6,Charge 6
2026-03-31T05:30:00Z,10,Charge 6
2026-03-31T05:32:00Z,17,Charge 6
2026-03-31T05:33:00Z,4,Charge 6
2026-03-31T05:35:00Z,21,Charge 6
2026-03-31T05:36:00Z,10,Charge 6
2026-03-31T05:37:00Z,10,Charge 6
2026-03-31T05:38:00Z,7,Charge 6
2026-03-31T05:47:00Z,7,Charge 6
2026-03-31T05:48:00Z,25,Charge 6
2026-03-31T05:49:00Z,18,Charge 6
2026-03-31T05:50:00Z,5,Charge 6
2026-03-31T06:08:00Z,16,Charge 6
2026-03-31T06:21:00Z,15,Charge 6
2026-03-31T06:22:00Z,11,Charge 6
2026-03-31T06:28:00Z,12,Charge 6
2026-03-31T06:29:00Z,52,Charge 6
2026-03-31T06:33:00Z,5,Charge 6
2026-03-31T06:36:00Z,18,Charge 6
2026-03-31T06:37:00Z,26,Charge 6
2026-03-31T06:38:00Z,34,Charge 6
2026-03-31T06:39:00Z,50,Charge 6
2026-03-31T06:40:00Z,38,Charge 6
2026-03-31T06:42:00Z,32,Charge 6
2026-03-31T06:43:00Z,12,Charge 6
2026-03-31T06:45:00Z,95,Charge 6
2026-03-31T06:46:00Z,5,Charge 6
2026-03-31T06:47:00Z,60,Charge 6
2026-03-31T06:48:00Z,63,Charge 6
2026-03-31T06:49:00Z,54,Charge 6
2026-03-31T06:50:00Z,68,Charge 6
2026-03-31T06:51:00Z,45,Charge 6
2026-03-31T06:52:00Z,80,Charge 6
2026-03-31T06:53:00Z,10,Charge 6
2026-03-31T06:54:00Z,61,Charge 6
2026-03-31T06:57:00Z,5,Charge 6
2026-03-31T06:58:00Z,24,Charge 6
2026-03-31T06:59:00Z,19,Charge 6
2026-03-31T07:00:00Z,57,Charge 6
2026-03-31T07:01:00Z,68,Charge 6
2026-03-31T07:02:00Z,63,Charge 6
2026-03-31T07:03:00Z,63,Charge 6
2026-03-31T07:04:00Z,12,Charge 6
2026-03-31T07:24:00Z,7,Charge 6
2026-03-31T07:27:00Z,59,Charge 6
2026-03-31T07:28:00Z,28,Charge 6
2026-03-31T07:29:00Z,64,Charge 6
2026-03-31T07:30:00Z,84,Charge 6
2026-03-31T07:31:00Z,81,Charge 6
2026-03-31T07:32:00Z,83,Charge 6
2026-03-31T07:33:00Z,38,Charge 6
2026-03-31T07:34:00Z,31,Charge 6
2026-03-31T07:35:00Z,22,Charge 6
2026-03-31T07:36:00Z,27,Charge 6
2026-03-31T08:01:00Z,4,Charge 6
2026-03-31T08:07:00Z,10,Charge 6
2026-03-31T08:22:00Z,7,Charge 6
2026-03-31T08:38:00Z,10,Charge 6
2026-03-31T08:59:00Z,11,Charge 6
2026-03-31T09:25:00Z,40,Charge 6
2026-03-31T09:26:00Z,23,Charge 6
2026-03-31T09:27:00Z,42,Charge 6
2026-03-31T09:28:00Z,20,Charge 6
2026-03-31T09:37:00Z,8,Charge 6
2026-03-31T09:38:00Z,19,Charge 6
2026-03-31T09:39:00Z,17,Charge 6
2026-03-31T09:40:00Z,16,Charge 6
2026-03-31T09:41:00Z,34,Charge 6
2026-03-31T10:03:00Z,26,Charge 6
2026-03-31T10:04:00Z,18,Charge 6
2026-03-31T10:11:00Z,6,Charge 6
2026-03-31T10:14:00Z,11,Charge 6
2026-03-31T10:15:00Z,38,Charge 6
2026-03-31T10:16:00Z,54,Charge 6
2026-03-31T10:17:00Z,89,Charge 6
2026-03-31T10:18:00Z,73,Charge 6
2026-03-31T10:19:00Z,18,Charge 6
2026-03-31T10:20:00Z,66,Charge 6
2026-03-31T10:21:00Z,69,Charge 6
2026-03-31T10:22:00Z,41,Charge 6
2026-03-31T10:23:00Z,66,Charge 6
2026-03-31T10:24:00Z,43,Charge 6
2026-03-31T10:25:00Z,27,Charge 6
2026-03-31T10:26:00Z,35,Charge 6
2026-03-31T10:27:00Z,79,Charge 6
2026-03-31T10:28:00Z,67,Charge 6
2026-03-31T10:29:00Z,1,Charge 6
2026-03-31T11:01:00Z,6,Charge 6
2026-03-31T11:02:00Z,7,Charge 6
2026-03-31T11:08:00Z,15,Charge 6
2026-03-31T11:09:00Z,21,Charge 6
2026-03-31T11:10:00Z,44,Charge 6
2026-03-31T11:13:00Z,22,Charge 6
2026-03-31T11:14:00Z,37,Charge 6
2026-03-31T11:15:00Z,15,Charge 6
2026-03-31T11:16:00Z,28,Charge 6
2026-03-31T11:21:00Z,21,Charge 6
2026-03-31T11:22:00Z,17,Charge 6
2026-03-31T11:23:00Z,9,Charge 6
2026-03-31T11:24:00Z,26,Charge 6
2026-03-31T11:25:00Z,13,Charge 6
2026-03-31T11:27:00Z,16,Charge 6
2026-03-31T11:28:00Z,27,Charge 6
2026-03-31T11:29:00Z,11,Charge 6
2026-03-31T11:30:00Z,17,Charge 6
2026-03-31T11:33:00Z,13,Charge 6
2026-03-31T11:35:00Z,20,Charge 6
2026-03-31T11:37:00Z,11,Charge 6
2026-03-31T11:49:00Z,8,Charge 6
2026-03-31T11:50:00Z,37,Charge 6
2026-03-31T11:52:00Z,12,Charge 6
2026-03-31T11:54:00Z,13,Charge 6
2026-03-31T11:56:00Z,25,Charge 6
2026-03-31T11:57:00Z,24,Charge 6
2026-03-31T12:00:00Z,22,Charge 6
2026-03-31T12:01:00Z,5,Charge 6
2026-03-31T12:06:00Z,13,Charge 6
2026-03-31T12:07:00Z,15,Charge 6
2026-03-31T12:08:00Z,17,Charge 6
2026-03-31T12:09:00Z,18,Charge 6
2026-03-31T12:10:00Z,36,Charge 6
2026-03-31T12:11:00Z,26,Charge 6
2026-03-31T12:12:00Z,25,Charge 6
2026-03-31T12:13:00Z,17,Charge 6
2026-03-31T12:15:00Z,17,Charge 6
2026-03-31T12:16:00Z,7,Charge 6
2026-03-31T12:22:00Z,19,Charge 6
2026-03-31T12:23:00Z,14,Charge 6
2026-03-31T12:24:00Z,14,Charge 6
2026-03-31T13:03:00Z,6,Charge 6
2026-03-31T13:08:00Z,15,Charge 6
2026-03-31T13:25:00Z,18,Charge 6
2026-03-31T13:26:00Z,13,Charge 6
2026-03-31T14:17:00Z,11,Charge 6
2026-03-31T14:18:00Z,20,Charge 6
2026-03-31T14:19:00Z,51,Charge 6
2026-03-31T14:20:00Z,40,Charge 6
2026-03-31T14:21:00Z,35,Charge 6
2026-03-31T14:23:00Z,25,Charge 6
2026-03-31T14:24:00Z,36,Charge 6
2026-03-31T14:25:00Z,14,Charge 6
2026-03-31T14:27:00Z,24,Charge 6
2026-03-31T14:28:00Z,27,Charge 6
2026-03-31T14:31:00Z,14,Charge 6
2026-03-31T14:33:00Z,17,Charge 6
2026-03-31T14:34:00Z,17,Charge 6
2026-03-31T14:35:00Z,33,Charge 6
2026-03-31T14:36:00Z,18,Charge 6
2026-03-31T14:37:00Z,39,Charge 6
2026-03-31T14:38:00Z,8,Charge 6
2026-03-31T14:41:00Z,15,Charge 6
2026-03-31T14:42:00Z,28,Charge 6
2026-03-31T14:43:00Z,25,Charge 6
2026-03-31T14:44:00Z,46,Charge 6
2026-03-31T14:45:00Z,45,Charge 6
2026-03-31T14:46:00Z,14,Charge 6
2026-03-31T14:47:00Z,9,Charge 6
2026-03-31T14:48:00Z,23,Charge 6
2026-03-31T14:49:00Z,58,Charge 6
2026-03-31T14:50:00Z,52,Charge 6
2026-03-31T14:51:00Z,10,Charge 6
2026-03-31T14:55:00Z,8,Charge 6
2026-03-31T14:56:00Z,11,Charge 6
2026-03-31T14:57:00Z,30,Charge 6
2026-03-31T14:58:00Z,23,Charge 6
2026-03-31T14:59:00Z,7,Charge 6
2026-03-31T15:00:00Z,24,Charge 6
2026-03-31T15:01:00Z,8,Charge 6
2026-03-31T15:02:00Z,11,Charge 6
2026-03-31T15:03:00Z,74,Charge 6
2026-03-31T15:06:00Z,9,Charge 6
2026-03-31T15:07:00Z,55,Charge 6
2026-03-31T15:08:00Z,53,Charge 6
2026-03-31T15:09:00Z,26,Charge 6
2026-03-31T15:10:00Z,7,Charge 6
2026-03-31T15:16:00Z,66,Charge 6
2026-03-31T15:25:00Z,17,Charge 6
2026-03-31T15:26:00Z,12,Charge 6
2026-03-31T15:27:00Z,29,Charge 6
2026-03-31T15:28:00Z,36,Charge 6
2026-03-31T15:57:00Z,18,Charge 6
2026-03-31T15:58:00Z,16,Charge 6
2026-03-31T15:59:00Z,8,Charge 6
2026-03-31T16:00:00Z,29,Charge 6
2026-03-31T16:02:00Z,32,Charge 6
2026-03-31T16:06:00Z,9,Charge 6
2026-03-31T16:08:00Z,8,Charge 6
2026-03-31T16:20:00Z,17,Charge 6
2026-03-31T17:52:00Z,25,Charge 6
2026-03-31T17:53:00Z,10,Charge 6
2026-03-31T17:54:00Z,11,Charge 6
2026-03-31T17:55:00Z,24,Charge 6
2026-03-31T17:56:00Z,42,Charge 6
2026-03-31T18:32:00Z,25,Charge 6
2026-03-31T18:33:00Z,14,Charge 6
2026-03-31T18:56:00Z,18,Charge 6
2026-03-31T18:58:00Z,20,Charge 6
2026-03-31T18:59:00Z,16,Charge 6
2026-03-31T21:06:00Z,8,Charge 6
2026-03-31T21:07:00Z,7,Charge 6
2026-03-31T21:08:00Z,2,Charge 6
2026-03-31T22:14:00Z,11,Charge 6
2026-03-31T22:15:00Z,19,Charge 6
